sides, mode, pMode, avg, std 
1, 17, 1, 17, 0
2, 11, 0.044052, 49.497346, 1893.2462969566093
4, 14, 0.029529, 31.4211, 603.9070907905382
6, 11, 0.045083, 21.745862, 254.71121587677615
8, 10, 0.052218, 20.514967, 235.02864398899771
10, 8, 0.060387, 16.946859, 152.30892903406954
12, 7, 0.064777, 16.451341, 155.66811630156616
20, 5, 0.0721, 14.699911, 144.0212835919946
100, 1, 0.040028, 26.816583, 695.6639932040847
